drug1,drug2,target1,target2,d1t1,d2t2,d1t2,d2t1,low1,high1,low2,high2,difference
D76935.0,D137636038.0,TP17931,TP09382,2.568636219756032,3.4685209552240925,1.999999995657055,8.387216143280265,5.818579923524233,10.955852363036296,1.4685209595670374,5.468520950881148,0.35005897264308494
D7568471.0,D137636038.0,TP17931,TP09382,1.999999995657055,3.4685209552240925,1.999999995657055,8.387216143280265,6.387216147623209,10.387216138937319,1.4685209595670374,5.468520950881148,0.9186951967420613
D118707317.0,D137636038.0,TP17931,TP09382,1.999999995657055,3.4685209552240925,2.4436974871689774,8.387216143280265,6.387216147623209,10.387216138937319,1.0248234680551151,5.91221844239307,0.4749977052301393
